paperId,doi,title,year,authors,venue,verdict,estimand_cell,evidence_type,treatment,outcome,direction,reason,abstract,discovery_channels,ra_decision,ra_corrected_verdict,ra_corrected_estimand_cell,ra_note,strict_gate_status,strict_gate_reason,retrieval_candidate
W4396938006,10.1093/wber/lhae020,"Child Labor Bans, Employment, and School Attendance: Evidence from Changes in the Minimum Working Age",2024,Mireille Kozhaya; Fernanda Martínez Flores,The World Bank Economic Review,RELEVANT,PRIMARY_CL_QUANTUM,quasi-experimental,child-labor or minimum-age regulation,fertility quantum,forward,covered legal reform is linked to fertility or family formation,"Abstract This paper investigates the effect of a unique child labor ban regulation on employment and school enrollment. The ban, implemented in Mexico in 2015, increased the minimum working age from 14 to 15, introduced restrictions to employing underage individuals, and imposed stricter penalties for violation of the law. Our identification strategy relies on a DiD approach that exploits the date of birth as a natural cutoff to assign individuals into treatment and control groups. The ban led to a decrease in the probability to work by 1.2 percentage points, resembling a 16 percent decrease in the probability to work relative to the pre-reform mean, and an increase in the probability of being enrolled in school by 2.2 percentage points for the treatment group. These results are driven by a reduction in employment in paid work, and in the manufacturing and services sectors. The effects are persistent several years after the ban.",forward_citation,EXCLUDE,NOT_RELEVANT,,Outcome is labor and education,EXCLUDE_RA,Outcome is labor and education,NO
W2073343854,10.1257/mic.4.4.1,A Theory of Occupational Choice with Endogenous Fertility,2012,Dilip Mookherjee; Silvia Prina; Debraj Ray,American Economic Journal Microeconomics,RELEVANT,PRIMARY_CL_QUANTUM,quasi-experimental,child-labor or minimum-age regulation,fertility quantum,forward,covered legal reform is linked to fertility or family formation,"Theories based on partial equilibrium reasoning alone cannot explain the widespread negative cross-sectional correlation between parental wages and fertility, without restrictive assumptions on preferences and childcare costs. We argue that incorporating a dynamic general equilibrium analysis of returns to human capital can help explain observed empirical patterns. Other by-products of this theory include explanations for intergenerational mobility without stochastic shocks, connections between mobility and fertility patterns, and locally determinate steady states. Comparative statics exercises on steady states shed light on the effects of education, childcare subsidies, child labor regulations, and income redistribution policy on long run living standards. (JEL H23, I31, J13, J24, J62, J82)",forward_citation,FIX,,THEORY,,KEEP_RA_CORRECTED_THEORY,Preserve RA correction to THEORY; no empirical policy estimate.,YES
W4409029977,10.1093/ereh/heae023,The Causal Effects of Education on Age at Marriage and Marital Fertility,2025,Neil Cummins,European Review of Economic History,RELEVANT,PRIMARY_CS_QUANTUM,quasi-experimental,compulsory-schooling law,fertility,forward,Estimates a covered legal-policy effect on fertility.,"Abstract The negative association of education and fertility, over time and between countries, is a central stylized fact of social science. Yet we have scant evidence on whether this is, or is not, causal. Using the universe of vital registration index data from England, 1912 to 2007, I first show that it is possible, using unique names, to construct a demographically and socioeconomically representative sample of 1.5 million women. Historical record linkage of women is typically not attempted but is possible here because of the unique characteristics of English civil registration. I then exploit the natural experiment of sharp discontinuities in who was affected by compulsory schooling law changes in 1947 and in 1972, which exogenously and effectively raised the minimum school leaving age. A Regression Discontinuity design, executed on the individual data, identifies the causal effect of education on age at marriage and fertility. Education may have raised age at marriage in 1972. However one extra year of education at 15 or 16 has a zero causal effect on marital fertility.",forward_citation,,,,,KEEP,"Compulsory-schooling discontinuities identify marital fertility, including a zero estimate.",YES
W4405602751,10.1093/oso/9780198903000.003.0010,Internal Policy,2024,Alessandro Cigno; Furio C. Rosati,,RELEVANT,PRIMARY_CS_QUANTUM,observational,compulsory-schooling law,fertility,forward,Estimates a covered legal-policy effect on fertility.,"Abstract Single measures such as a ban on child labour, or compulsory education, are unlikely to be self-enforcing, and may be inefficient even if they are self-enforcing. If information is asymmetric (e.g., the use children make of their time when they are neither at school, nor working overtly in the labour market, is not observable by the government), neither a ban on child labour, nor compulsory education, is enforceable. The Second-Best policy package may include a ban on overt child labour, and compulsory school attendance nonetheless, but it will include direct or indirect taxes and subsidies designed to make it possible and desirable for parents to invest in their children’s education. A public pension system may be usefully added to the package because it discourages fertility.",forward_citation,FIX,,THEORY,,KEEP_RA_CORRECTED_THEORY,Preserve RA correction to THEORY; not an empirical policy-fertility estimate.,YES
W2979888791,10.1093/aje/kwz221,State School Policies as Predictors of Physical and Mental Health: A Natural Experiment in the REGARDS Cohort,2019,Willa D. Brenowitz; Jennifer J. Manly; Audrey R. Murchland; Thu T. Nguyen; Sze Yan Liu; M. Maria Glymour; Deborah A Levine; Michael Crowe; Timothy J. Hohman; Carole Dufouil; Lenore J. Launer; Trey Hedden,American Journal of Epidemiology,RELEVANT,PRIMARY_CS_QUANTUM,quasi-experimental,compulsory-schooling law,fertility,forward,Estimates a covered legal-policy effect on fertility.,"We used differences in state school policies as natural experiments to evaluate the joint influence of educational quantity and quality on late-life physical and mental health. Using US Census microsample data, historical measures of state compulsory schooling and school quality (term length, student-teacher ratio, and attendance rates) were combined via regression modeling on a scale corresponding to years of education (policy-predicted years of education (PPYEd)). PPYEd values were linked to individual-level records for 8,920 black and 14,605 white participants aged ≥45 years in the Reasons for Geographic and Racial Differences in Stroke study (2003-2007). Linear and quantile regression models estimated the association between PPYEd and Physical Component Summary (PCS) and Mental Component Summary (MCS) from the Short Form Health Survey. We examined interactions by race and adjusted for sex, birth year, state of residence at age 6 years, and year of study enrollment. Higher PPYEd was associated with better median PCS (β = 1.28, 95% confidence interval (CI): 0.40, 1.49) and possibly better median MCS (β = 0.46, 95% CI: -0.01, 0.94). Effect estimates were higher among black (vs. white) persons (PCS × race interaction, β = 0.22, 95% CI: -0.62, 1.05, and MCS × race interaction, β = 0.18; 95% CI: -0.08, 0.44). When incorporating both school quality and duration, this quasiexperimental analysis found mixed evidence for a causal effect of education on health decades later.",forward_citation,EXCLUDE,,,Fertility is not an outcome,EXCLUDE_RA,Fertility is not an outcome,NO
W2185731654,10.3386/w24332,The Impact of Education on Family Formation: Quasi-Experimental Evidence from the UK,2018,Michael Geruso; Heather Royer,National Bureau of Economic Research,RELEVANT,PRIMARY_CS_QUANTUM,quasi-experimental,compulsory-schooling law,fertility,forward,Estimates a covered legal-policy effect on fertility.,"We examine the impact of educational attainment on fertility and mating market outcomes. Using a regression discontinuity design, we exploit an extension of the compulsory schooling age from 15 to 16 in 1972 in the UK. The change was binding for a quarter of the population. Simple plots of the raw data show substantially lower teen fertility rates across the threshold of the reform, but no impacts on abortions and no impact on completed fertility by age 45. In the mating market, the reform induced both men and women to marry more educated mates, consistent with positive assortative mating. We show that timing of the teen fertility reduction coincided with the timing of the extra induced schooling and that the probability of marrying a peer in the same academic cohort rose. These results suggest that school attendance may have important direct effects, in addition to and separate from the human capital effects of education.",backward_reference;forward_citation,,,,,KEEP,UK reform study explicitly reports teen and completed fertility.,YES
W2752104534,10.1111/ecin.12492,THE EFFECTS OF EDUCATION ON FERTILITY: EVIDENCE FROM TAIWAN,2017,Kamhon Kan; Myoung‐jae Lee,Economic Inquiry,RELEVANT,PRIMARY_CS_QUANTUM,quasi-experimental,compulsory-schooling law,fertility,forward,Estimates a covered legal-policy effect on fertility.,"This study investigates the impact of women's education on fertility. For identification, we use the 1968 compulsory education law change in Taiwan, which generated a regression discontinuity design (RDD) setting. We use the whole population of women from the 1980 and 2010 Population Censuses. Results of our RDD estimation using the exact date of birth suggest that the law change was effective in boosting women's education, but it did not have any impact on fertility. This is in stark contrast to most previous studies using only the birth year as the running variable or using it to construct instruments, which find that women's education depresses fertility. This study demonstrates that using a discrete running variable in RDD may generate a false discontinuity for an otherwise continuous regression function. ( JEL J13, C21, I2)",forward_citation,,,,,KEEP,"Taiwan law study explicitly estimates fertility, including a null effect.",YES
W2411634914,10.1111/ecoj.12394,Is Education Always Reducing Fertility? Evidence from Compulsory Schooling Reforms,2016,Margherita Fort; Nicole Schneeweis; Rudolf Winter‐Ebmer,The Economic Journal,RELEVANT,PRIMARY_CS_QUANTUM,quasi-experimental,compulsory-schooling reform,fertility quantum,forward,covered legal reform is linked to fertility or family formation,"We study the relationship between education and fertility, exploiting compulsory schooling reforms in England and Continental Europe, implemented between 1936 and 1975. We assess the causal effect of education on the number of biological children and the incidence of childlessness. While we find a negative relationship between education and fertility in England, this result cannot be confirmed for Continental Europe. The additional education generated by schooling expansions on the Continent did not lead to a decrease in the number of biological children nor to an increase in childlessness. These findings are robust to a number of sensitivity and falsification checks.",backward_reference;forward_citation,,,,,KEEP,Compulsory-schooling reforms explicitly estimate fertility.,YES
W2122096529,10.6092/unibo/amsacta/4451,"More Schooling, More Children: Compulsory Schooling Reforms and Fertility in Europe",2014,"Margherita Fort; Schneeweis, Nicole; Rudolf Winter‐Ebmer",RePEc: Research Papers in Economics,RELEVANT,PRIMARY_CS_QUANTUM,quasi-experimental,compulsory schooling reforms,fertility,forward,Estimates a covered legal-policy effect on fertility.,"We study the relationship between education and fertility, exploiting compulsory schooling reforms in England and Continental Europe, implemented between 1936 and 1975. We assess the causal effect of education on the number of biological children and the incidence of childlessness. We find surprising results for Continental Europe: the additional education generated by compulsory schooling expansions led to an increase in the number of biological children per woman and a decrease in childlessness. The results for England point in the opposite direction. Moreover, for the Continent we find that education during this time led to fewer women who remained unmarried over their life course. Our findings are robust to a number of sensitivity and falsification checks.",forward_citation,,,,,KEEP,Compulsory-schooling reforms explicitly estimate fertility.,YES
W2188242424,,Compulsory Schooling Reforms and Fertility in Europe,2012,Margherita Fort; Nicole Schneeweis; Rudolf Winter‐Ebmer,,RELEVANT,PRIMARY_CS_QUANTUM,quasi-experimental,compulsory-schooling reform,fertility quantum,forward,covered legal reform is linked to fertility or family formation,"We study the relationship between education and fertility, ex-ploiting compulsory schooling reforms in Europe as source of exogenous variation in education. Using data from 8 European countries, we assess the causal effect of education on the num-ber of biological kids and the incidence of childlessness. We find that more education causes a substantial decrease in child-lessness and an increase in the average number of children per woman. Our findings are robust to a number of falsification checks and we can provide complementary empirical evidence on the mechanisms leading to these surprising results. JEL: I2, J13",forward_citation,,,,,KEEP,Compulsory-schooling reforms explicitly estimate fertility.,YES
W2318594386,,Does Compulsory School Attendance Affect Schooling and Earnings? Revisited,2007,Mevlude Akbulut,,RELEVANT,PRIMARY_CS_QUANTUM,quasi-experimental,compulsory-schooling reform,fertility quantum,forward,covered legal reform is linked to fertility or family formation,"Following Angrist and Krueger (1991) this paper investigates whether compulsory schooling laws are still effective and if so, to what extent compulsory schooling laws continue to impact the educational attainment as well as earnings in the 2005 American Community Survey. Differences in quarter of birth create a natural experiment that enables us to study the effect of school compulsion on schooling and earnings. Hence, individuals born in the beginning of the year usually start school at an older age than that of their classmates, they are allowed to drop out of school after attaining less education. I implement instrumental variable strategy to estimate the impact of compulsory schooling on earnings using quarter of birth as an instrument. We observe that for the older cohorts, compulsory schooling laws still explain differences in the educational attainment across individuals. However, it appears that these laws are no longer binding for more recent cohorts and therefore does not serve as a mechanism that helps us to exploit educational attainment across individuals.",forward_citation,EXCLUDE,,,Outcome is not fertility,EXCLUDE_RA,Outcome is not fertility,NO
W1555027305,,The Effect of Education on Fertility: Evidence from Compulsory Schooling Laws,2006,Alexis León,RePEc: Research Papers in Economics,RELEVANT,PRIMARY_CS_QUANTUM,quasi-experimental,compulsory-schooling reform,fertility quantum,forward,covered legal reform is linked to fertility or family formation,. . .,backward_reference;forward_citation,FIX,,,Metaata mismatch. Correct paper is https://doi.org/10.1016/j.labeco.2013.04.015,QUARANTINE_IDENTITY,RA identified metadata mismatch; re-resolve DOI/title/authors before retrieval.,NO
W2617310741,,The effect of birth order on early educational attainment.,2006,Jennifer L. Gerner; Lillard Dr,,RELEVANT,PRIMARY_CS_QUANTUM,quasi-experimental,compulsory-schooling reform,fertility quantum,forward,covered legal reform is linked to fertility or family formation,We explore whether and how educational performance varies with birth order. Starting from the simple associations between birth order and educational performance we show that these differences persist when one controls for family size and other demographic characteristics and that the birth order differences persist over time. We then argue that birth order matters for other important decisions parents make that are important inputs into the educational production process. In particular we argue that birth order affects a mothers decision to participate in the labor force the decision about whether to enroll her child in pre-kindergarten and the decision about the age she decides to enter her child in formal schooling. To account for the role these decisions play on how birth order affects ultimate educational performance we use cross-state and temporal variation in compulsory schooling laws and state labor market conditions. Because our data the Children of the NLSY79 cover a long time period (1986 through 2002) we observe a large number of children within families who were allowed to enter school at different ages. These differences in the age of first permitted entry mean that parents face greater incentives to enter a youngest child into school at an earlier age than they did an older sibling. We estimate a model of six simultaneous equations to account for the way in which birth order affects each. The results suggest that even controlling for the association between birth order and other behaviors that influence educational attainment birth order effects persist in statistically and economically meaningful ways. Children of higher order birth do less well in on achievement tests. We also estimate value-added models of gains in achievement. We find that birth order penalties disappear in mathematics but persist in tests of reading and picture-vocabulary association. The results suggest what commonsense tells us - that actors in the educational production process likely reallocate resources in favor of children who are underperforming in school. (authors),forward_citation,EXCLUDE,,,Missing paper,EXCLUDE_RA,Missing paper,NO
W1576507153,10.3386/w5835,"On the Validity of Season of Birth as an Instrument in Wage Equations: A Comment on Angrist &amp; Krueger's ""Does Compulsory School Attendance Affect Scho",1996,John Bound; David A. Jaeger,National Bureau of Economic Research,RELEVANT,PRIMARY_CS_QUANTUM,quasi-experimental,compulsory-schooling reform,fertility quantum,forward,covered legal reform is linked to fertility or family formation,"In an important and provocative paper, `Does Compulsory School Attendance Affect Schooling and Earnings?', Angrist and Krueger use quarter of birth as an instrument for educational attainment in wage equations. To support a causal interpretation of their estimates, they argue that compulsory school attendance laws alone account for the association between quarter of birth and earnings. In this note we present evidence that the association between quarter of birth and earnings is too strong to be fully explained by compulsory school attendance laws in the samples studied by Angrist and Krueger. Moreover, while the association between quarter of birth and educational attainment was weaker for more recent cohorts, we found no evidence that the strength of the relationship between quarter of birth and earnings was also weaker in those cohorts. In addition, we present evidence that suggests the association between quarter of birth and earnings or other labor market outcomes existed for cohorts that were not bound by compulsory school attendance laws. Our results call into question the validity of any causal inferences based on Angrist and Krueger's estimates regarding the effect of education on earnings.",backward_reference,,,,,EXCLUDE_NO_FERTILITY_OUTCOME,"Instrument-validity comment concerns wages and schooling, not fertility.",NO
W2015046142,10.1080/01621459.1992.10475212,The Effect of Age at School Entry on Educational Attainment: An Application of Instrumental Variables with Moments from Two Samples,1992,Joshua D. Angrist; Alan B. Krueger,Journal of the American Statistical Association,RELEVANT,PRIMARY_CS_QUANTUM,quasi-experimental,compulsory-schooling law,fertility,forward,Estimates a covered legal-policy effect on fertility.,"Abstract We present a model in which compulsory school attendance laws, which typically require school attendance until a specified birthday, induce a relationship between years of schooling and age at school entry. Variation in school starting age created by children's dates of birth provides a natural experiment for estimating the effect of age at school entry. Because no large data set contains information on both age at school entry and educational attainment, we use an instrumental variables (IV) estimator with data derived from the 1960 and 1980 Censuses to estimate and test the age-at-entry/compulsory schooling model. In most IV applications, the two covariance matrices that form the estimator are constructed from the same sample. We use a method-of-moments framework to discuss IV estimators that combine moments from different data sets. In our application, quarter of birth dummies are the instrumental variables used to link the 1960 Census, from which age at school entry can be derived for one cohort of students, to the 1980 Census, which contains educational attainment for the same cohort of students. The results suggest that compulsory attendance laws constrain roughly 10% of students to stay in school.",backward_reference,,,,,EXCLUDE_NO_FERTILITY_OUTCOME,"Age-at-entry study estimates educational attainment, not fertility.",NO
W4415043415,10.1016/j.jce.2025.09.002,"Education, desired fertility, and HIV/AIDS: Evidence from China’s compulsory schooling law",2025,Xiaoyan Lei; Guangjun Shen; Ang Sun; Wang Xiang; Huili Zhang,Journal of Comparative Economics,UNCERTAIN,PRIMARY_CS_QUANTUM,other,covered schooling or child-labor law,fertility or family formation,forward,title is plausibly relevant but no abstract is available,,forward_citation,,,,,KEEP_UNCERTAIN_FULLTEXT,Title explicitly names fertility and China's compulsory-schooling law; abstract missing.,YES
W4224284165,10.1016/j.econedurev.2022.102257,The effect of female education on fertility: Evidence from China’s compulsory schooling reform,2022,Jiwei Chen; Jiangying Guo,Economics of Education Review,UNCERTAIN,PRIMARY_CS_QUANTUM,quasi-experimental,China compulsory schooling reform,fertility,forward,"Title suggests a potentially covered relationship, but the missing or ambiguous abstract prevents confident routing.",,forward_citation,,,,,KEEP_UNCERTAIN_FULLTEXT,Title explicitly names fertility and China's compulsory-schooling reform; abstract missing.,YES
W3124938256,10.3386/h0089,"Compulsory Schooling Legislation and School Attendance in Turn-of-the-Century America: A ""Natural Experiment"" Approach",1996,Robert A. Margo; T. Aldrich Finegan,National Bureau of Economic Research,RELEVANT,PRIMARY_JOINT_QUANTUM,quasi-experimental,joint child-labor and schooling reform,fertility quantum,forward,covered legal reform is linked to fertility or family formation,"Recent research by Joshua Angrist and Alan Krueger has used information on exact dates of birth in the 1960 to 1980 federal censuses to study the impact of compulsory schooling laws on school attendance. This paper modifies their methodology to analyze similar data in the 1900 federal census to measure the impact of turn-of-the-century compulsory schooling laws. Using data on 14-year olds from the 1900 census public use microdata sample we compare attendance rates of children born after January 1, 1900 with those born before, across states with and without compulsory schooling laws. In states that combined school-leaving with child labor laws, we find that compulsion significantly raised attendance rates.",backward_reference,,,,,EXCLUDE_NO_FERTILITY_OUTCOME,Turn-of-century natural experiment estimates attendance only.,NO
W4412362654,10.1111/rode.70016,Do Compulsory Schooling Laws Affect Fertility Behaviors and Marriages? Evidence From India,2025,Sandipa Bhattacharjee,Review of Development Economics,RELEVANT,TEMPO,quasi-experimental,compulsory-schooling reform,fertility timing or marriage,forward,covered legal reform is linked to fertility or family formation,"ABSTRACT This paper exploits an education policy in India generated by a 2010 schooling reform to examine the effect of education on women's family planning decisions. The key element of the reform was that it required students to complete 8 years of primary education (age 6–14 years). I employ an instrumental variable difference‐in‐difference approach that measures the exogenous variation in treatment intensity in different states across birth cohorts of women measured by birth year and birth month. The reform led to an increase in total years of education, a delay in the age at first marriage, a postponement of sexual activity, and reduced fertility beginning at the age of 23. I also examine the potential mechanisms through which increased education affects fertility. The findings suggest that early use of modern contraceptives, reduction in the marital education gap, increased literacy, and utilization of healthcare services contribute to reduced fertility. These results are consistent with the increased empowerment of women influencing their fertility decisions, highlighting the importance of the government's efforts to promote education through policy initiatives.",forward_citation,,,,,KEEP,India compulsory-schooling reform explicitly estimates fertility behavior and timing.,YES
W4392812928,10.1108/econ-11-2023-0192,Does extending school time reduce the juvenile pregnancy rate? A longitudinal analysis of Ceará State (Brazil),2024,Alesandra de Araújo Benevides; Alan Oliveira Sousa; Daniel Tomaz de Sousa; Francisca Zilânia Mariano,EconomiA,RELEVANT,TEMPO,quasi-experimental,full-time high schools policy,teenage pregnancy,forward,Estimates a schooling-policy effect on teenage pregnancy or fertility timing.,"Purpose Adolescent pregnancy stands as a societal challenge, compelling young individuals to prematurely discontinue their education. Conversely, an expansion of high school education can potentially diminish rates of adolescent pregnancy, given that educational attainment stands as the foremost risk factor influencing sexual initiation, the use of contraceptive methods during initial sexual encounters and fertility. The aim of this paper is to analyze the impact of the implementation of the public educational policy introducing full-time schools (FTS) for high schools in the state of Ceará, Brazil, on early pregnancy rates. Design/methodology/approach Using the difference-in-differences method with multiple time periods, we measured the average effect of this staggered treatment on the treated municipalities. Findings The main result indicates a reduction of 0.849 percentage points in the teenage pregnancy rate. Concerning dynamic effects, the establishment of FTS in treated municipalities results in a 1.183–1.953 percentage point decrease in teenage pregnancy rates, depending on the timing of exposure. We explored heterogeneous effects within socioeconomically vulnerable municipalities, yet discerned no impact on this group. Rigorous tests confirm the robustness of the results. Originality/value This paper aims to contribute to: (1) the consolidation of research on the subject, given the absence of such research in Brazil to the best of our knowledge; (2) the advancement and analysis of evidence-based public policy and (3) the utilization of novel longitudinal data and methodology to evaluate adolescent pregnancy rates.",forward_citation,,,,,EXCLUDE_OFF_EXPOSURE,Full-time-school program is not a child-labor or compulsory-schooling legal mandate.,NO
W3212471012,10.1016/j.jhealeco.2021.102552,Maternal education and child health: Causal evidence from Denmark,2021,Jacob Nielsen Arendt; Mads Lybech Christensen; Anders Hjorth‐Trolle,Journal of Health Economics,RELEVANT,TEMPO,quasi-experimental,compulsory-schooling or child-labor law,fertility timing,forward,covered legal policy is linked to fertility timing,"This study examines how maternal education shapes the life and health of their children. Causal effects are identified from a Danish school reform that increased minimum compulsory schooling from 7 to 9 years in 1972 and estimates are based on large administrative registers. We find that the reform as well as maternal education when instrumented by it, has significant, positive effects on mothers' age at first birth and maternal health. Nevertheless, maternal education has no systematic causal effects on child health, neither at birth, during childhood, or in adolescence. This null finding is robust to a wide range of model specifications.",forward_citation,,,,,KEEP,Compulsory-schooling reform explicitly estimates age at first birth.,YES
W3006219298,10.1007/s00148-020-00771-9,Books or babies? The incapacitation effect of schooling on minority women,2020,Anna Adamecz-Völgyi; Ágota Scharle,Journal of Population Economics,RELEVANT,TEMPO,quasi-experimental,compulsory school-leaving-age increase,teenage motherhood,forward,reform reduced and delayed teenage motherhood,"Abstract This paper examines the effects of an increase in the compulsory school leaving age on the teenage fertility of Roma women, a disadvantaged ethnic minority in Hungary. We use a regression discontinuity design identification strategy and show that the reform decreased the probability of teenage motherhood among Roma women by 13.4–26.0% and delayed motherhood by 2 years. We separate the incapacitation and human capital effects of education on fertility by exploiting a database that covers live births, miscarriages, abortions, and still births and contains information on the time of conception. We find that longer schooling decreases the probability of getting pregnant during the school year but not during summer and Christmas breaks, which suggests that the estimated effects are generated mostly through the incapacitation channel.",forward_citation,,,,,KEEP,School-leaving-age reform explicitly estimates pregnancy timing.,YES
W2108204833,10.1086/700076,The Effects of Compulsory-Schooling Laws on Teenage Marriage and Births in Turkey,2018,Murat G. Kïrdar; Meltem Dayıoğlu; İsmet Koç,Journal of Human Capital,RELEVANT,TEMPO,quasi-experimental,compulsory schooling laws,teenage marriage and births,forward,Estimates a schooling-policy effect on teenage pregnancy or fertility timing.,"We estimate the effects of the extension of compulsory schooling from 5 to 8 years in Turkey on marriage and birth outcomes of teenage girls, using a regression discontinuity design. This law increases girls’ schooling by roughly 1 year on average, substantially reducing the probability of marriage by age 16 and first birth by age 17. These effects disappear after ages 17 for marriage and 18 for first birth. These results suggest that this law has strong compulsory-attendance effects during the newly mandated years and human capital effects afterward on marriage and birth outcomes. However, the human capital effects vanish after a couple of years, when students become free to leave school.",forward_citation,,,,,KEEP,Compulsory-schooling extension explicitly estimates teenage first births.,YES
W2186769068,,Compulsory Education and Teenage Motherhood,2017,Tanya Wilson,Stirling Online Research Repository (University of Stirling),RELEVANT,TEMPO,quasi-experimental,compulsory education,teenage motherhood,forward,Estimates a schooling-policy effect on teenage pregnancy or fertility timing.,"Can education policy reduce the incidence of teenage motherhood? This paper uses data from the largest UK household-level survey to investigate the impact of a change in legislation, which increased the duration of compulsory schooling, on the timing of fertility using a regression discontinuity design. The findings indicate strong evidence that the schooling reform induced a downwards impact on fertility not only at the new school-leaving age, but also exerted a non-monotonic effect throughout the teenage years. Overall the analysis suggests that the increase in mandatory education caused a postponement of fertility with the influence of the reform dissipating after age 20.",forward_citation,,,,,KEEP,Mandatory-schooling reform explicitly estimates fertility timing.,YES
W3024321219,10.3386/w21594,Does Education Reduce Teen Fertility? Evidence from Compulsory Schooling Laws,2015,Philip DeCicca; Harry Krashinsky,National Bureau of Economic Research,RELEVANT,TEMPO,quasi-experimental,compulsory schooling laws,teen fertility,forward,Estimates a schooling-policy effect on teenage pregnancy or fertility timing.,"While less-educated women are more likely to give birth as teenagers, there is scant evidence the relationship is causal. We investigate this possibility using variation in compulsory schooling laws (CSLs) to identify the impact of formal education on teen fertility for a large sample of women drawn from multiple waves of the Canadian Census. We find that greater CSL-induced schooling reduces the probability of giving birth as a teenager by roughly two to three percentage points. We find evidence that education affects the timing of births in a way that strongly implies an ""incarceration"" effect of education. In particular, we find large negative impacts of education on births to young women aged seventeen and eighteen, but little evidence of an effect after these ages, consistent with the idea that being enrolled in school deters fertility in a contemporaneous manner. Our findings are robust to the inclusion of several province-level characteristics including multiple dimensions of school quality, expenditures on public programs and region-specific time trends.",forward_citation,,,,,KEEP,Compulsory-schooling laws explicitly identify teen fertility.,YES
W2169373049,10.3386/w10911,Fast Times at Ridgemont High? The Effect of Compulsory Schooling Laws on Teenage Births,2004,Sandra E. Black; Paul Devereaux; Kjell G. Salvanes,National Bureau of Economic Research,RELEVANT,TEMPO,quasi-experimental,compulsory-schooling laws,teenage births,forward,law changes are used to estimate effects on teenage childbearing,"Research suggests that teenage childbearing adversely affects both the outcomes of the mothers as well as those of their children. We know that low-educated women are more likely to have a teenage birth, but does this imply that policies that increase educational attainment reduce early fertility? This paper investigates whether increasing mandatory educational attainment through compulsory schooling legislation encourages women to delay childbearing. We use variation induced by changes in compulsory schooling laws in both the United States and Norway to estimate the effect in two very different institutional environments. We find evidence that increased compulsory schooling does in fact reduce the incidence of teenage childbearing in both the United States and Norway, and these results are quite robust to various specification checks. Somewhat surprisingly, we also find that the magnitude of these effects is quite similar in the two countries. These results suggest that legislation aimed at improving educational outcomes may have spillover effects onto the fertility decisions of teenagers.",backward_reference;forward_citation,,,,,KEEP,Compulsory-schooling laws explicitly identify teenage births.,YES
W4385628385,10.1016/j.econedurev.2023.102440,"Women's education, marriage, and fertility outcomes: Evidence from Thailand's compulsory schooling law",2023,Pasita Chaijaroen; Pallavi Panda,Economics of Education Review,UNCERTAIN,TEMPO,other,covered schooling or child-labor law,fertility or family formation,forward,title is plausibly relevant but no abstract is available,,forward_citation,,,,,KEEP_UNCERTAIN_FULLTEXT,Title explicitly names fertility and Thailand's compulsory-schooling law; abstract missing.,YES
W4206743955,10.1007/s00181-021-02173-6,The effects of compulsory schooling reforms on women’s marriage outcomes—evidence from Britain,2022,Songtao Yang,Empirical Economics,UNCERTAIN,TEMPO,other,covered schooling or child-labor law,fertility or family formation,forward,title is plausibly relevant but no abstract is available,,forward_citation,,,,,EXCLUDE_NO_FERTILITY_OUTCOME,Title identifies marriage outcomes only; no fertility outcome supplied.,NO
W2154210580,10.1016/j.jhealeco.2019.102268,Does education reduce teen fertility? Evidence from compulsory schooling laws,2019,Philip DeCicca; Harry Krashinsky,Journal of Health Economics,UNCERTAIN,TEMPO,other,covered schooling or child-labor law,fertility or family formation,forward,title is plausibly relevant but no abstract is available,,forward_citation,,,,,KEEP_UNCERTAIN_FULLTEXT,Title explicitly names teen fertility and compulsory-schooling laws; abstract missing.,YES
W3138623659,10.2139/ssrn.3703425,The Impact of School Entry Laws on Female Education and Teenage Fertility,2017,Poh Lin Tan,SSRN Electronic Journal,UNCERTAIN,TEMPO,quasi-experimental,school entry laws,teenage fertility,forward,"Title suggests a potentially covered relationship, but the missing or ambiguous abstract prevents confident routing.",,forward_citation,,,,,EXCLUDE_OFF_EXPOSURE,"School-entry rule is adjacent education exposure, not the covered legal mechanism.",NO
W2028140859,10.1007/s00148-010-0334-8,The effect of schooling on teenage childbearing: evidence using changes in compulsory education laws,2010,Mary A. Silles,Journal of Population Economics,UNCERTAIN,TEMPO,quasi-experimental,compulsory education laws,teenage childbearing,forward,"Title suggests a potentially covered relationship, but the missing or ambiguous abstract prevents confident routing.",,backward_reference;forward_citation,,,,,KEEP_UNCERTAIN_FULLTEXT,Title explicitly names teenage childbearing and compulsory-education laws; abstract missing.,YES
W4405603403,10.1093/oso/9780198903000.003.0008,"Child Labour, Fertility, and Gender",2024,Alessandro Cigno; Furio C. Rosati,,RELEVANT,THEORY,theory,child labor changes and restrictions,fertility behavior,n/a,Reviews the theoretical jointly determined child-labor–fertility relationship and evidence on exogenous changes in either variable.,"Abstract The theoretical analysis in earlier chapters shows how child labour and fertility are jointly determined as part of the parents’ optimizing strategy. Therefore, changes in fertility behaviour determined by some exogenous change are likely to affect child labour as well. Similarly, changes in child labour determined by some exogenous change are likely to affect fertility behaviour as well. This chapter is dedicated to the review of the evidence on the relationship between fertility and child labour. Such evidence is not very large, but clearly points towards the existence of a strong link between fertility and child labour. Exogenous changes in either of them are likely to significantly affect the other. Moreover, once the endogeneity of fertility is taken into account, its impact on child labour and school attendance increases.",forward_citation,,,,,KEEP,Direct child-labor/fertility theoretical synthesis.,YES
W2924921004,10.1162/rest_a_00851,Structural Change and the Fertility Transition,2019,Philipp Ager; Benedikt Herz; Markus Brueckner,The Review of Economics and Statistics,RELEVANT,THEORY,theory,child-labor mechanism,fertility and development,forward,formal model links child labor and fertility without a policy estimand,"This paper provides new insights into the relationship between structural change and the fertility transition. We exploit the spread of an agricultural pest in the American South in the 1890s as plausibly exogenous variation in agricultural production to establish a causal link between earnings opportunities in agriculture and fertility. Households staying in agriculture reduced fertility because children are a normal good, while households switching to manufacturing reduced fertility because of the higher opportunity costs of raising children. The lower earnings opportunities in agriculture also decreased the value of child labor, which increased schooling, consistent with a quantity-quality model of fertility.",forward_citation,,,,,ROUTE_MODE_PRODUCTION,"Agricultural earnings and structural change belong to TICK-030, not this legal-policy hypothesis.",NO
W2753276478,,Human capital and fertility: child vs adult survival,2017,Tamara Fioroni,Economics bulletin,RELEVANT,THEORY,theory,child-labor mechanism,fertility,forward,"Models the relationship among child labor or schooling, fertility, and economic change.","In this paper, we investigate the impact of child and adult survival on human capital accumulation and fertility in a model in which parents face a trade-off between investment in education and child labour. We show that adult and child survival have opposite effects on human capital accumulation. In fact, while a rise in adult longevity always has a positive impact on human capital accumulation, the rise in child survival by increasing the monetary returns of child labour, renders quantity more attractive than quality. Therefore different combinations of child and adult survival can lead to different scenarios. Thus, while policies aimed at increasing adult longevity can be an important contributing factor to improvement in education and the reduction of child labour, however, policies aimed at increasing child survival alone may be insufficient if they are not associated with ones that regulate child labour.",forward_citation,,,,,KEEP,"Model explicitly links education, child labor, and fertility.",YES
W2157906659,10.1016/s0301-7036(14)70878-8,El trabajo infantil en México y sus causas,2014,Pedro Orraca,Problemas del Desarrollo Revista Latinoamericana de Economía,RELEVANT,THEORY,theory,child-labor mechanism,fertility and development,forward,formal model links child labor and fertility without a policy estimand,"This article studies the effect of birth order and low household economic resources on school attendance and labor market participation among the population of minors in Mexico. Drawing on data from the Child Labor Center, this work estimates a series of multivariate probit models with different specifications, aiming to minimize problems related to the endogeneity of the sample. The analysis reveals that first-born children are less likely to attend school and more likely to participate in the labor market than their siblings. This relationship is stronger in families where child labor is a response to a lack of economic resources, which suggests that it is the result of the greater income-earning capacity of first-born children.",forward_citation,,,,,EXCLUDE_NO_FERTILITY_OUTCOME,Empirical child-labor determinants paper; fertility is not an outcome.,NO
W2117090144,10.1111/caje.12032,"Bounded rationality, expectations, and child labour",2013,Patrick M. Emerson; Shawn D. Knabb,Canadian Journal of Economics/Revue canadienne d économique,RELEVANT,THEORY,theory,child-labor mechanism,fertility,forward,"Models the relationship among child labor or schooling, fertility, and economic change.","Abstract This paper develops a model with overlapping generations, where the household's optimal fertility, child labour, and education decisions depend on the parents’ expectations or beliefs about the return to education. It is shown that there exists a range of parental income where the fertility rate is high and children participate in the labour market and receive an incomplete education if a parent believes the return to education is low. The act of participating in the labour market reduces the child's ability to accumulate human capital; thus, the action of sending a child into the labour market is sufficient to ensure that the parents’ initially pessimistic expectations are fulfilled. It is then shown that a one‐time policy intervention, such as banning child labour and mandatory education, can be enough to move a country from the positive child labour equilibrium to an equilibrium with no child labour.",forward_citation,,,,,KEEP,"Model jointly determines fertility, child labor, and education.",YES
W2257784394,,Endogenous fertility and intergenerational transfers: The significance of the sibship size effect,2012,Elise S. Brezis; Rodolphe Dos Santos Ferreira,Econstor (Econstor),RELEVANT,THEORY,theory,child-labor mechanism,fertility and development,forward,formal model links child labor and fertility without a policy estimand,"Since the seminal work of Becker, the analysis of endogenous fertility has been based on the trade-off faced by parents between the quantity and the quality of their children. In order to have an interior solution, the model assumes that in case children work, still they get positive income from their parents. However, in some developing countries, child labor is necessary as a source of income. The purpose of this paper is to adapt the quantity-quality trade-off of the Beckerian model for the cases where net transfers are in fact from children to parents. The paper shows that by adding a sibship size effect, we restore the possibility of the trade-off.",forward_citation,,,,,EXCLUDE_OFF_MECHANISM,General endogenous-fertility/sibship-transfer model lacks the covered child-policy mechanism.,NO
W1961684553,10.1093/0199264457.001.0001,The Economics of Child Labour,2005,Alessandro Cigno; Furio C. Rosati,,RELEVANT,THEORY,theory,child-labor mechanism,fertility,forward,"Models the relationship among child labor or schooling, fertility, and economic change.","Abstract Children throughout the world are engaged in activities that can be classified as work. Some of these are harmless like helping parents in the home, or have a valuable learning-by-doing component like helping in the family farm or family business. Others are dangerous or morally degrading. All, however, compete with formal education. The book provides a blend of theory, empirical analysis and policy discussion of child labour and related variables such as education, fertility and infant mortality. It is primarily intended for advanced and research students. This second edition presents further evidence of the factors that determine the demand and supply of child labour, the demand for education, and of the nexus between child labour, education, fertility, and health. A new chapter assesses the effectiveness of the policies that are actually carried out in developing countries for the specific purpose of curbing child labour.",forward_citation,,,,,KEEP,Theory/evidence book directly covers the child-labor–education–fertility nexus.,YES
W3125141375,10.3386/w10765,Technological Progress and Economic Transformation,2004,Jeremy Greenwood; Ananth Seshadri,National Bureau of Economic Research,RELEVANT,THEORY,theory,child-labor mechanism,fertility and development,forward,formal model links child labor and fertility without a policy estimand,"Growth theory can go a long way toward accounting for phenomena linked with U.S. economic development. Some examples are: (i) the secular decline in fertility between 1800 and 1980, (ii) the decline in agricultural employment and the rise in skill since 1800, (iii) the demise of child labor starting around 1900, (iv) the increase in female labor-force participation from 1900 to 1980, (v) the baby boom from 1936 to 1972.",forward_citation,,,,,KEEP,"Economic-transformation theory jointly treats fertility decline, schooling, and the demise of child labor.",YES
W2152406420,10.1086/316097,Is Child Labor Inefficient?,2000,Jean‐Marie Baland; James A. Robinson,Journal of Political Economy,RELEVANT,THEORY,theory,child-labor mechanism,fertility and development,forward,formal model links child labor and fertility without a policy estimand,"We build a model of child labor and study its implications for welfare. We assume that there is a trade‐off between child labor and the accumulation of human capital. Even if parents are altruistic and child labor is socially inefficient, it may arise in equilibrium because parents fail to fully internalize its negative effects. This occurs when bequests are zero or when capital markets are imperfect. We also study the effects of a simple ban on child labor and derive conditions under which it may be Pareto improving in general equilibrium. We show that the implications of child labor for fertility are ambiguous.",backward_reference,,,,,KEEP,Theory explicitly analyzes implications of child labor for fertility.,YES
W3093523732,10.1016/j.econmod.2023.106452,"Child mortality, child labor, fertility, and demographics",2023,Kei Takakura,Economic Modelling,UNCERTAIN,THEORY,theory,child labor mechanism,fertility and demographics,forward,"Title suggests a potentially covered relationship, but the missing or ambiguous abstract prevents confident routing.",,forward_citation,,,,,KEEP_UNCERTAIN_FULLTEXT,Title directly links child labor and fertility; abstract missing.,YES
W1525462723,10.2139/ssrn.288943,"Child Labor, Fertility and Economic Growth",2001,Moshe Hazan; Byniamin Berdugo,SSRN Electronic Journal,UNCERTAIN,THEORY,theory,child labor,fertility and growth,forward,"Title suggests a potentially covered relationship, but the missing or ambiguous abstract prevents confident routing.",,backward_reference,,,,,KEEP_UNCERTAIN_FULLTEXT,"Canonical title directly links child labor, fertility, and growth; abstract missing.",YES
