effect_id,study_id,pdf_filename,mechanism_cell,mechanism_cell_ra_decision,mechanism_cell_source,estimand_label,estimand_label_ra_decision,estimand_label_source,is_primary_estimate,is_primary_estimate_ra_decision,is_primary_estimate_source,outcome_name,outcome_name_ra_decision,outcome_name_source,outcome_family,outcome_family_ra_decision,outcome_family_source,outcome_unit_original,outcome_unit_original_ra_decision,outcome_unit_original_source,effect_original,effect_original_ra_decision,effect_original_source,se_original,se_original_ra_decision,se_original_source,ci_lower_original,ci_lower_original_ra_decision,ci_lower_original_source,ci_upper_original,ci_upper_original_ra_decision,ci_upper_original_source,p_value,p_value_ra_decision,p_value_source,test_statistic_original,test_statistic_original_ra_decision,test_statistic_original_source,test_statistic_type,test_statistic_type_ra_decision,test_statistic_type_source,model_specification,model_specification_ra_decision,model_specification_source,treatment_scale_original,treatment_scale_original_ra_decision,treatment_scale_original_source,followup_window,followup_window_ra_decision,followup_window_source,subgroup,subgroup_ra_decision,subgroup_source,extract_page,extract_page_ra_decision,extract_page_source,extract_quote_or_note,extract_quote_or_note_ra_decision,extract_quote_or_note_source,needs_pi,needs_pi_ra_decision,needs_pi_source
danzer_zyska_2023_brazil_pensions_e01,danzer_zyska_2023_brazil_pensions,danzer-zyska-2023-pensions-and-fertility-microeconomic-evidence-aej-economic-policy.pdf,A,,Protocol mechanism-cell coding; checked against extracted estimate context.,Main DID women ages 15-44,,"PDF page 25, Table 3",yes,,"PDF page 25, Table 3",Newborn child under one year old,,"PDF page 25, Table 3",birth_probability,,"PDF page 25, Table 3",percentage_points,,"PDF page 25, Table 3",-0.9,,"PDF page 25, Table 3",0.3,,"PDF page 25, Table 3",,,Not reported in extracted estimate.,,,Not reported in extracted estimate.,,,Not reported in extracted estimate.,,,Not reported in extracted estimate.,,,Not reported in extracted estimate.,"DID with year and region FE; individual, job, household, regional and group controls",,"PDF page 25, Table 3",Rural pension reform exposure,,"PDF page 25, Table 3",Short run after 1991 reform,,"PDF page 25, Table 3",Women ages 15-44,,"PDF page 25, Table 3","PDF page 25, Table 3",,PDF locator recorded during extraction.,Table 3 column 6 reports DID women ages 15-44 = -0.009 (SE 0.003); percent to baseline -7.6.,,Extraction note from the cited PDF location.,no,,Codex extraction flag based on ambiguity or PI-needed judgment.
danzer_zyska_2023_brazil_pensions_e02,danzer_zyska_2023_brazil_pensions,danzer-zyska-2023-pensions-and-fertility-microeconomic-evidence-aej-economic-policy.pdf,A,,Protocol mechanism-cell coding; checked against extracted estimate context.,Long-run event-study completed fertility,,"PDF pages 30-31, Figure 8; PDF page 36, Conclusions",no,,"PDF pages 30-31, Figure 8; PDF page 36, Conclusions",Completed fertility: total number of births at age 45,,"PDF pages 30-31, Figure 8; PDF page 36, Conclusions",completed_fertility,,"PDF pages 30-31, Figure 8; PDF page 36, Conclusions",births_per_woman,,"PDF pages 30-31, Figure 8; PDF page 36, Conclusions",-1.3,,"PDF pages 30-31, Figure 8; PDF page 36, Conclusions",,,Not reported in extracted estimate.,,,Not reported in extracted estimate.,,,Not reported in extracted estimate.,,,Not reported in extracted estimate.,,,Not reported in extracted estimate.,,,Not reported in extracted estimate.,Event-study rural-urban completed fertility gap compared to base year 1987; 90 percent confidence intervals shown in Figure 8,,"PDF pages 30-31, Figure 8; PDF page 36, Conclusions",Rural pension reform exposure,,"PDF pages 30-31, Figure 8; PDF page 36, Conclusions",Within first 20 years after 1991 reform,,"PDF pages 30-31, Figure 8; PDF page 36, Conclusions",Women age 45,,"PDF pages 30-31, Figure 8; PDF page 36, Conclusions","PDF pages 30-31, Figure 8; PDF page 36, Conclusions",,PDF locator recorded during extraction.,Text states the rural-urban completed fertility gap shrank by about 1.3 births per woman until 2010; conclusion says completed fertility declined by about 1.3 children within 20 years.,,Extraction note from the cited PDF location.,yes,,Codex extraction flag based on ambiguity or PI-needed judgment.
rossi_godard_2022_namibia_pensions_e01,rossi_godard_2022_namibia_pensions,rossi-godard-2022-old-age-security-motive-fertility-namibia-aej-economic-policy.pdf,A,,Protocol mechanism-cell coding; checked against extracted estimate context.,Preferred period DID with full controls,,"PDF page 18, Table 5",yes,,"PDF page 18, Table 5",Probability of birth,,"PDF page 18, Table 5",birth_probability,,"PDF page 18, Table 5",percentage_points,,"PDF page 18, Table 5",-17.3,,"PDF page 18, Table 5",4.3,,"PDF page 18, Table 5",,,Not reported in extracted estimate.,,,Not reported in extracted estimate.,,,Not reported in extracted estimate.,,,Not reported in extracted estimate.,,,Not reported in extracted estimate.,DID period model with year FE cluster FE and full controls,,"PDF page 18, Table 5",Post x InitialNeeds in thousand rands,,"PDF page 18, Table 5",Post-1992 pension extension period,,"PDF page 18, Table 5",Women aged 15-40 excluding White ethnic group and Khomas,,"PDF page 18, Table 5","PDF page 18, Table 5",,PDF locator recorded during extraction.,Table 5 column 7 reports Post*InitialNeeds = -0.173 (SE 0.043); text describes about 17 percentage points.,,Extraction note from the cited PDF location.,no,,Codex extraction flag based on ambiguity or PI-needed judgment.
rossi_godard_2022_namibia_pensions_e02,rossi_godard_2022_namibia_pensions,rossi-godard-2022-old-age-security-motive-fertility-namibia-aej-economic-policy.pdf,A,,Protocol mechanism-cell coding; checked against extracted estimate context.,Cohort analysis completed fertility with full controls,,"PDF page 21, Table 6 Panel B column 2",no,,"PDF page 21, Table 6 Panel B column 2",Number of births,,"PDF page 21, Table 6 Panel B column 2",completed_fertility,,"PDF page 21, Table 6 Panel B column 2",births_per_woman,,"PDF page 21, Table 6 Panel B column 2",-4.58,,"PDF page 21, Table 6 Panel B column 2",1.63,,"PDF page 21, Table 6 Panel B column 2",,,Not reported in extracted estimate.,,,Not reported in extracted estimate.,,,Not reported in extracted estimate.,,,Not reported in extracted estimate.,,,Not reported in extracted estimate.,"OLS cohort analysis with cohort FE, cluster FE, and full controls; Panel B partial analysis",,"PDF page 21, Table 6 Panel B column 2",Exposure x InitialNeeds in thousand rands,,"PDF page 21, Table 6 Panel B column 2",Cohorts 1950-1969,,"PDF page 21, Table 6 Panel B column 2",Women aged 44 to 50; White ethnic group and Khomas excluded,,"PDF page 21, Table 6 Panel B column 2","PDF page 21, Table 6 Panel B column 2",,PDF locator recorded during extraction.,Table 6 Panel B reports Exposure*InitialNeeds = -4.58 (SE 1.63) for completed fertility / number of births with full controls.,,Extraction note from the cited PDF location.,no,,Codex extraction flag based on ambiguity or PI-needed judgment.
billari_galasso_2009_italy_pension_reforms_e01,billari_galasso_2009_italy_pension_reforms,billari-galasso-2009-what-explains-fertility-italian-pension-reforms-cesifo.pdf,A,,Protocol mechanism-cell coding; checked against extracted estimate context.,Person-period probit marginal effect,,"PDF page 42, Table 4",yes,,"PDF page 42, Table 4",Annual probability of having an additional child,,"PDF page 42, Table 4",birth_probability,,"PDF page 42, Table 4",percentage_points,,"PDF page 42, Table 4",0.664,,"PDF page 42, Table 4",0.286,,"PDF page 42, Table 4",,,Not reported in extracted estimate.,,,Not reported in extracted estimate.,,,Not reported in extracted estimate.,,,Not reported in extracted estimate.,,,Not reported in extracted estimate.,Discrete-time probit event-history model with spouse age FE and year FE,,"PDF page 42, Table 4",Affected by pension reform discontinuity,,"PDF page 42, Table 4",+/- 7 years around contribution thresholds,,"PDF page 42, Table 4",Women born 1955 or after,,"PDF page 42, Table 4","PDF page 42, Table 4",,PDF locator recorded during extraction.,"Table 4 reports Reform marginal effect = 0.00664 (SE 0.00286), observed annual probability 0.0522.",,Extraction note from the cited PDF location.,no,,Codex extraction flag based on ambiguity or PI-needed judgment.
billari_galasso_2009_italy_pension_reforms_e02,billari_galasso_2009_italy_pension_reforms,billari-galasso-2009-what-explains-fertility-italian-pension-reforms-cesifo.pdf,A,,Protocol mechanism-cell coding; checked against extracted estimate context.,Post-reform total number of children OLS,,"PDF page 41, Table 3 column 1",no,,"PDF page 41, Table 3 column 1",Number of children,,"PDF page 41, Table 3 column 1",completed_fertility,,"PDF page 41, Table 3 column 1",births_per_woman,,"PDF page 41, Table 3 column 1",0.0529,,"PDF page 41, Table 3 column 1",0.0287,,"PDF page 41, Table 3 column 1",,,Not reported in extracted estimate.,,,Not reported in extracted estimate.,,,Not reported in extracted estimate.,,,Not reported in extracted estimate.,,,Not reported in extracted estimate.,OLS Amato+Dini reform model with age fixed effects and covariates,,"PDF page 41, Table 3 column 1",Affected by pension reform discontinuity,,"PDF page 41, Table 3 column 1",+/- 7 years around contribution thresholds,,"PDF page 41, Table 3 column 1",Women born 1955 or after,,"PDF page 41, Table 3 column 1","PDF page 41, Table 3 column 1",,PDF locator recorded during extraction.,Table 3 reports Reform = 0.0529 (SE 0.0287) for post-reform fertility measured as total number of children.,,Extraction note from the cited PDF location.,yes,,Codex extraction flag based on ambiguity or PI-needed judgment.
han_tao_wang_zhang_2025_china_ltci_e01,han_tao_wang_zhang_2025_china_ltci,han-tao-wang-zhang-2025-long-term-care-insurance-fertility-china-applied-economics.pdf,A,,Protocol mechanism-cell coding; checked against extracted estimate context.,Baseline DID with controls and fixed effects,,"PDF page 9, Table 2",yes,,"PDF page 9, Table 2",Childbirth,,"PDF page 9, Table 2",birth_probability,,"PDF page 9, Table 2",percentage_points,,"PDF page 9, Table 2",4.0,,"PDF page 9, Table 2",,,Not reported in extracted estimate.,,,Not reported in extracted estimate.,,,Not reported in extracted estimate.,,,Not reported in extracted estimate.,3.27,,"PDF page 9, Table 2",t_statistic,,"PDF page 9, Table 2","DID with controls, city fixed effects, and year fixed effects",,"PDF page 9, Table 2",Pilot city x post policy,,"PDF page 9, Table 2",Post-LTCI pilot implementation,,"PDF page 9, Table 2",Households in CFPS baseline sample,,"PDF page 9, Table 2","PDF page 9, Table 2",,PDF locator recorded during extraction.,Table 2 column 3 reports Pilot x Post = 0.040 with t-statistic 3.27; SE derived from coefficient/t-statistic for harmonization.,,Extraction note from the cited PDF location.,yes,,Codex extraction flag based on ambiguity or PI-needed judgment.
han_tao_wang_zhang_2025_china_ltci_e02,han_tao_wang_zhang_2025_china_ltci,han-tao-wang-zhang-2025-long-term-care-insurance-fertility-china-applied-economics.pdf,A,,Protocol mechanism-cell coding; checked against extracted estimate context.,Baseline DID fertility intentions,,"PDF page 9, Table 2 column 4",no,,"PDF page 9, Table 2 column 4",Fertility intentions,,"PDF page 9, Table 2 column 4",intentions,,"PDF page 9, Table 2 column 4",expected_children,,"PDF page 9, Table 2 column 4",0.114,,"PDF page 9, Table 2 column 4",,,Not reported in extracted estimate.,,,Not reported in extracted estimate.,,,Not reported in extracted estimate.,,,Not reported in extracted estimate.,2.14,,"PDF page 9, Table 2 column 4",t_statistic,,"PDF page 9, Table 2 column 4","DID with controls, city fixed effects, and year fixed effects",,"PDF page 9, Table 2 column 4",Pilot city x post policy,,"PDF page 9, Table 2 column 4",Post-LTCI pilot implementation,,"PDF page 9, Table 2 column 4",Households in CFPS baseline sample,,"PDF page 9, Table 2 column 4","PDF page 9, Table 2 column 4",,PDF locator recorded during extraction.,Table 2 column 4 reports Pilot x Post = 0.114 with t-statistic 2.14; SE derived from coefficient/t-statistic for harmonization.,,Extraction note from the cited PDF location.,yes,,Codex extraction flag based on ambiguity or PI-needed judgment.
guinnane_streb_2021_prussia_social_security_e01,guinnane_streb_2021_prussia_social_security,guinnane-streb-2021-bismarck-social-security-marriage-fertility-prussia-population-and-development-review.pdf,A,,Protocol mechanism-cell coding; checked against extracted estimate context.,Pension-alone versus no-coverage fertility DD,,"PDF page 21, Table 5",yes,,"PDF page 21, Table 5",Fertility model difference-in-differences,,"PDF page 21, Table 5",other,,"PDF page 21, Table 5",log_fertility_count_dd,,"PDF page 21, Table 5",0.018,,"PDF page 21, Table 5",,,Not reported in extracted estimate.,,,Not reported in extracted estimate.,,,Not reported in extracted estimate.,0.22,,"PDF page 21, Table 5",,,Not reported in extracted estimate.,,,Not reported in extracted estimate.,Just-identified 2SLS fertility model treating infant mortality and marriage as endogenous,,"PDF page 21, Table 5",Pension-alone group D versus no coverage F,,"PDF page 21, Table 5",1882 to 1910,,"PDF page 21, Table 5",Prussian Kreise,,"PDF page 21, Table 5","PDF page 21, Table 5",,PDF locator recorded during extraction.,"Table 5 reports D v. F pension-alone versus no coverage in 1910: magnitude 0.018, p-value 0.22.",,Extraction note from the cited PDF location.,yes,,Codex extraction flag based on ambiguity or PI-needed judgment.
shen_zheng_yang_2020_china_nrps_e01,shen_zheng_yang_2020_china_nrps,shen-zheng-yang-2020-fertility-effects-public-pension-new-rural-pension-scheme-china-plos-one.pdf,A,,Protocol mechanism-cell coding; checked against extracted estimate context.,2SLS number-of-children estimate,,"PDF page 12, Table 4",yes,,"PDF page 12, Table 4",Number of children,,"PDF page 12, Table 4",completed_fertility,,"PDF page 12, Table 4",births_per_woman,,"PDF page 12, Table 4",-0.169,,"PDF page 12, Table 4",0.079,,"PDF page 12, Table 4",,,Not reported in extracted estimate.,,,Not reported in extracted estimate.,,,Not reported in extracted estimate.,,,Not reported in extracted estimate.,,,Not reported in extracted estimate.,2SLS using county NRPS implementation as IV with covariates and province dummies,,"PDF page 12, Table 4",Individual NRPS pension participation,,"PDF page 12, Table 4",2014 wave IV estimate,,"PDF page 12, Table 4",Rural married women aged 20-45,,"PDF page 12, Table 4","PDF page 12, Table 4",,PDF locator recorded during extraction.,"Table 4 2SLS column 3 reports Pension = -0.169 (SE 0.079), significant at 5%.",,Extraction note from the cited PDF location.,no,,Codex extraction flag based on ambiguity or PI-needed judgment.
shen_zheng_yang_2020_china_nrps_e02,shen_zheng_yang_2020_china_nrps,shen-zheng-yang-2020-fertility-effects-public-pension-new-rural-pension-scheme-china-plos-one.pdf,A,,Protocol mechanism-cell coding; checked against extracted estimate context.,2SLS second-child probability estimate,,"PDF page 12, Table 4 column 4; PDF page 13 text",no,,"PDF page 12, Table 4 column 4; PDF page 13 text",Having a second child,,"PDF page 12, Table 4 column 4; PDF page 13 text",birth_probability,,"PDF page 12, Table 4 column 4; PDF page 13 text",percentage_points,,"PDF page 12, Table 4 column 4; PDF page 13 text",-7.5,,"PDF page 12, Table 4 column 4; PDF page 13 text",4.4,,"PDF page 12, Table 4 column 4; PDF page 13 text",,,Not reported in extracted estimate.,,,Not reported in extracted estimate.,,,Not reported in extracted estimate.,,,Not reported in extracted estimate.,,,Not reported in extracted estimate.,2SLS using county NRPS implementation as IV with covariates and province dummies,,"PDF page 12, Table 4 column 4; PDF page 13 text",Individual NRPS pension participation,,"PDF page 12, Table 4 column 4; PDF page 13 text",2014 wave IV estimate,,"PDF page 12, Table 4 column 4; PDF page 13 text",Rural married women aged 20-45,,"PDF page 12, Table 4 column 4; PDF page 13 text","PDF page 12, Table 4 column 4; PDF page 13 text",,PDF locator recorded during extraction.,Table 4 reports Pension = -0.075 (SE 0.044) for having a second child; entered as -7.5 percentage points for harmonization.,,Extraction note from the cited PDF location.,no,,Codex extraction flag based on ambiguity or PI-needed judgment.
ci_2024_children_insurance_e01,ci_2024_children_insurance,ci-2024-children-as-insurance-private-insurance-adoption-journal-of-risk-and-insurance.pdf,B,,Protocol mechanism-cell coding; checked against extracted estimate context.,IV effect of number of children on private insurance adoption,,"PDF page 11, Table 3",yes,,"PDF page 11, Table 3",Have private insurance,,"PDF page 11, Table 3",other,,"PDF page 11, Table 3",probability_point,,"PDF page 11, Table 3",0.1177,,"PDF page 11, Table 3",0.0396,,"PDF page 11, Table 3",,,Not reported in extracted estimate.,,,Not reported in extracted estimate.,,,Not reported in extracted estimate.,,,Not reported in extracted estimate.,,,Not reported in extracted estimate.,"2SLS using LLF policy exposure index as IV; controls, year FE, province FE",,"PDF page 11, Table 3",One additional child,,"PDF page 11, Table 3",2010-2018 CGSS,,"PDF page 11, Table 3",Older parents in China,,"PDF page 11, Table 3","PDF page 11, Table 3",,PDF locator recorded during extraction.,Table 3 Panel B column 3 reports Children # = 0.1177 (SE 0.0396) for having private insurance.,,Extraction note from the cited PDF location.,no,,Codex extraction flag based on ambiguity or PI-needed judgment.
fenge_scheubel_2017_germany_pensions_e01,fenge_scheubel_2017_germany_pensions,fenge-scheubel-2017-pensions-and-fertility-back-to-the-roots-journal-of-population-economics.pdf,A,,Protocol mechanism-cell coding; checked against extracted estimate context.,Baseline fixed-effects share-insured estimate,,"PDF page 29, Table 3",yes,,"PDF page 29, Table 3",Crude marital birth rate,,"PDF page 29, Table 3",crude_birth_rate,,"PDF page 29, Table 3",marital_births_per_1000,,"PDF page 29, Table 3",-0.453,,"PDF page 29, Table 3",0.264,,"PDF page 29, Table 3",,,Not reported in extracted estimate.,,,Not reported in extracted estimate.,,,Not reported in extracted estimate.,,,Not reported in extracted estimate.,,,Not reported in extracted estimate.,"Fixed-effects OLS with demographic, industrialization, and health-insurance controls",,"PDF page 29, Table 3",One percentage point increase in share insured,,"PDF page 29, Table 3",1895 to 1907,,"PDF page 29, Table 3",Imperial German regions excluding outlier,,"PDF page 29, Table 3","PDF page 29, Table 3",,PDF locator recorded during extraction.,Table 3 column 3 reports Share insured = -0.453 (SE 0.264) for marital births per 1000.,,Extraction note from the cited PDF location.,no,,Codex extraction flag based on ambiguity or PI-needed judgment.
basso_bodenhorn_cuberes_2014_us_financial_development_e01,basso_bodenhorn_cuberes_2014_us_financial_development,basso-bodenhorn-cuberes-2014-fertility-financial-development-us-counties-nber.pdf,A,,Protocol mechanism-cell coding; checked against extracted estimate context.,OLS bank-dummy full-controls estimate,,"PDF page 22, Table 3",yes,,"PDF page 22, Table 3",Log child-woman ratio,,"PDF page 22, Table 3",child_woman_ratio,,"PDF page 22, Table 3",log_child_woman_ratio,,"PDF page 22, Table 3",-0.04,,"PDF page 22, Table 3",0.02,,"PDF page 22, Table 3",,,Not reported in extracted estimate.,,,Not reported in extracted estimate.,,,Not reported in extracted estimate.,,,Not reported in extracted estimate.,,,Not reported in extracted estimate.,"OLS with state dummies and full socioeconomic, migration, marriage, and agricultural controls",,"PDF page 22, Table 3",Presence of bank in county in the 1840s,,"PDF page 22, Table 3",Cross-section around 1850,,"PDF page 22, Table 3",Northeastern US counties,,"PDF page 22, Table 3","PDF page 22, Table 3",,PDF locator recorded during extraction.,Table 3 column 8 reports Bank dummy 1840s = -0.04 (SE 0.02); text translates to about 3 percentage points.,,Extraction note from the cited PDF location.,no,,Codex extraction flag based on ambiguity or PI-needed judgment.
galofre_vila_2023_us_baby_boom_e01,galofre_vila_2023_us_baby_boom,galofre-vila-2023-us-baby-boom-1935-social-security-act-history-of-the-family.pdf,A,,Protocol mechanism-cell coding; checked against extracted estimate context.,Fully controlled social-security spending interaction,,"PDF page 6, Table 1",yes,,"PDF page 6, Table 1",Children under age 5,,"PDF page 6, Table 1",other,,"PDF page 6, Table 1",children_under_age_5_count,,"PDF page 6, Table 1",0.045,,"PDF page 6, Table 1",0.009,,"PDF page 6, Table 1",,,Not reported in extracted estimate.,,,Not reported in extracted estimate.,,,Not reported in extracted estimate.,,,Not reported in extracted estimate.,,,Not reported in extracted estimate.,"IPUMS pooled 1940/1960 model with education, farm, marital status controls and fixed effects",,"PDF page 6, Table 1",Per capita SSA spending x 1960,,"PDF page 6, Table 1",1940 to 1960,,"PDF page 6, Table 1",Mothers aged 25-29,,"PDF page 6, Table 1","PDF page 6, Table 1",,PDF locator recorded during extraction.,Table 1 mothers aged 25-29 column 3 reports coefficient 0.045 (SE 0.009) for children under age 5.,,Extraction note from the cited PDF location.,no,,Codex extraction flag based on ambiguity or PI-needed judgment.
galofre_vila_2023_us_baby_boom_e02,galofre_vila_2023_us_baby_boom,galofre-vila-2023-us-baby-boom-1935-social-security-act-history-of-the-family.pdf,A,,Protocol mechanism-cell coding; checked against extracted estimate context.,"Fully controlled social-security spending interaction, children ever born",,"PDF page 6, Table 1 column 6",no,,"PDF page 6, Table 1 column 6",Children ever born,,"PDF page 6, Table 1 column 6",completed_fertility,,"PDF page 6, Table 1 column 6",births_per_woman,,"PDF page 6, Table 1 column 6",0.098,,"PDF page 6, Table 1 column 6",0.016,,"PDF page 6, Table 1 column 6",,,Not reported in extracted estimate.,,,Not reported in extracted estimate.,,,Not reported in extracted estimate.,,,Not reported in extracted estimate.,,,Not reported in extracted estimate.,"IPUMS pooled 1940/1960 model with education, farm, marital status controls and fixed effects",,"PDF page 6, Table 1 column 6",Per capita SSA spending x 1960,,"PDF page 6, Table 1 column 6",1940 to 1960,,"PDF page 6, Table 1 column 6",Mothers aged 25-29,,"PDF page 6, Table 1 column 6","PDF page 6, Table 1 column 6",,PDF locator recorded during extraction.,Table 1 mothers aged 25-29 reports coefficient 0.098 (SE 0.016) for children ever born in the fully controlled specification.,,Extraction note from the cited PDF location.,no,,Codex extraction flag based on ambiguity or PI-needed judgment.
eibich_siedler_2020_germany_parental_retirement_e01,eibich_siedler_2020_germany_parental_retirement,eibich-siedler-2020-retirement-intergenerational-time-transfers-fertility-european-economic-review.pdf,C,,Protocol mechanism-cell coding; checked against extracted estimate context.,"Fuzzy RDD paternal early retirement, all adult children",,"PDF page 9, Table 2",yes,,"PDF page 9, Table 2",grandchild birth in year t + 1,,"PDF page 9, Table 2",birth_probability,,"PDF page 9, Table 2",percentage_points,,"PDF page 9, Table 2",16.6,,"PDF page 9, Table 2",4.0,,"PDF page 9, Table 2",,,Not reported in extracted estimate.,,,Not reported in extracted estimate.,,,Not reported in extracted estimate.,,,Not reported in extracted estimate.,,,Not reported in extracted estimate.,Second-stage IV with child fixed effects and quadratic age trends; bandwidth 10 years,,"PDF page 9, Table 2",Retired father induced by early-retirement eligibility threshold,,"PDF page 9, Table 2",year t + 1,,"PDF page 9, Table 2",All adult children aged 25-40,,"PDF page 9, Table 2","PDF page 9, Table 2",,PDF locator recorded during extraction.,"Table 2 reports Dependent variable: grandchild birth in year t + 1; Fathers, Second-stage IV Retired = 0.166 (SE 0.040), N = 23,419.",,Extraction note from the cited PDF location.,no,,Codex extraction flag based on ambiguity or PI-needed judgment.
eibich_siedler_2020_germany_parental_retirement_e02,eibich_siedler_2020_germany_parental_retirement,eibich-siedler-2020-retirement-intergenerational-time-transfers-fertility-european-economic-review.pdf,C,,Protocol mechanism-cell coding; checked against extracted estimate context.,"Fuzzy RDD maternal early retirement, all adult children",,"PDF page 9, Table 2",no,,"PDF page 9, Table 2",grandchild birth in year t + 1,,"PDF page 9, Table 2",birth_probability,,"PDF page 9, Table 2",percentage_points,,"PDF page 9, Table 2",11.4,,"PDF page 9, Table 2",5.4,,"PDF page 9, Table 2",,,Not reported in extracted estimate.,,,Not reported in extracted estimate.,,,Not reported in extracted estimate.,,,Not reported in extracted estimate.,,,Not reported in extracted estimate.,Second-stage IV with child fixed effects and quadratic age trends; bandwidth 10 years,,"PDF page 9, Table 2",Retired mother induced by early-retirement eligibility threshold,,"PDF page 9, Table 2",year t + 1,,"PDF page 9, Table 2",All adult children aged 25-40,,"PDF page 9, Table 2","PDF page 9, Table 2",,PDF locator recorded during extraction.,"Table 2 reports Mothers, Second-stage IV Retired = 0.114 (SE 0.054), N = 22,344.",,Extraction note from the cited PDF location.,no,,Codex extraction flag based on ambiguity or PI-needed judgment.
ilciukas_2023_netherlands_parental_retirement_e01,ilciukas_2023_netherlands_parental_retirement,ilciukas-2023-fertility-parental-retirement-journal-of-public-economics.pdf,C,,Protocol mechanism-cell coding; checked against extracted estimate context.,Main-sample reduced-form effect of 2006 reform via mothers,,"PDF page 8, Table 2",yes,,"PDF page 8, Table 2",number of children born before the end of 2021,,"PDF page 8, Table 2",completed_fertility,,"PDF page 8, Table 2",births_per_woman,,"PDF page 8, Table 2",-0.056,,"PDF page 8, Table 2",0.021,,"PDF page 8, Table 2",,,Not reported in extracted estimate.,,,Not reported in extracted estimate.,,,Not reported in extracted estimate.,,,Not reported in extracted estimate.,,,Not reported in extracted estimate.,Regression discontinuity using linear 12-month bandwidth with controls; running variable is woman mother birth date,,"PDF page 8, Table 2",Mother affected by delayed-retirement reform assignment,,"PDF page 8, Table 2",fertility measured in 2021,,"PDF page 8, Table 2",Main sample childless and cohabiting before reform,,"PDF page 8, Table 2","PDF page 8, Table 2",,PDF locator recorded during extraction.,"Table 2 row 1 reports RF = -0.056 (SE 0.021), N = 35,287, clusters = 32,083.",,Extraction note from the cited PDF location.,no,,Codex extraction flag based on ambiguity or PI-needed judgment.
ilciukas_2023_netherlands_parental_retirement_e02,ilciukas_2023_netherlands_parental_retirement,ilciukas-2023-fertility-parental-retirement-journal-of-public-economics.pdf,C,,Protocol mechanism-cell coding; checked against extracted estimate context.,Main-sample IV fertility-retirement trade-off via mothers,,"PDF page 8, Table 2",no,,"PDF page 8, Table 2",number of children born before the end of 2021,,"PDF page 8, Table 2",completed_fertility,,"PDF page 8, Table 2",births_per_woman,,"PDF page 8, Table 2",-0.266,,"PDF page 8, Table 2",0.131,,"PDF page 8, Table 2",,,Not reported in extracted estimate.,,,Not reported in extracted estimate.,,,Not reported in extracted estimate.,,,Not reported in extracted estimate.,,,Not reported in extracted estimate.,IV ratio of reform reduced-form fertility effect to first-stage mothers retirement-age delay,,"PDF page 8, Table 2",One year of mothers retirement delay induced by reform,,"PDF page 8, Table 2",fertility measured in 2021,,"PDF page 8, Table 2",Main sample childless and cohabiting before reform,,"PDF page 8, Table 2","PDF page 8, Table 2",,PDF locator recorded during extraction.,Table 2 row 1 reports IV = -0.266 (SE 0.131); text says a year of mothers retirement delay is associated with a 0.266 child fertility reduction.,,Extraction note from the cited PDF location.,no,,Codex extraction flag based on ambiguity or PI-needed judgment.
ilciukas_2023_netherlands_parental_retirement_e03,ilciukas_2023_netherlands_parental_retirement,ilciukas-2023-fertility-parental-retirement-journal-of-public-economics.pdf,C,,Protocol mechanism-cell coding; checked against extracted estimate context.,Sample without fertility restriction reduced-form effect,,"PDF page 8, Table 2",no,,"PDF page 8, Table 2",number of children born before the end of 2021,,"PDF page 8, Table 2",completed_fertility,,"PDF page 8, Table 2",births_per_woman,,"PDF page 8, Table 2",-0.029,,"PDF page 8, Table 2",0.012,,"PDF page 8, Table 2",,,Not reported in extracted estimate.,,,Not reported in extracted estimate.,,,Not reported in extracted estimate.,,,Not reported in extracted estimate.,,,Not reported in extracted estimate.,Regression discontinuity with baseline controls plus dummies for number of children before reform,,"PDF page 8, Table 2",Mother affected by delayed-retirement reform assignment,,"PDF page 8, Table 2",fertility measured in 2021,,"PDF page 8, Table 2",Sample without fertility restriction,,"PDF page 8, Table 2","PDF page 8, Table 2",,PDF locator recorded during extraction.,"Table 2 row 2 reports RF = -0.029 (SE 0.012), N = 75,549, clusters = 62,168.",,Extraction note from the cited PDF location.,no,,Codex extraction flag based on ambiguity or PI-needed judgment.
ilciukas_2023_netherlands_parental_retirement_e04,ilciukas_2023_netherlands_parental_retirement,ilciukas-2023-fertility-parental-retirement-journal-of-public-economics.pdf,C,,Protocol mechanism-cell coding; checked against extracted estimate context.,Sample without fertility restriction IV fertility-retirement trade-off,,"PDF page 8, Table 2",no,,"PDF page 8, Table 2",number of children born before the end of 2021,,"PDF page 8, Table 2",completed_fertility,,"PDF page 8, Table 2",births_per_woman,,"PDF page 8, Table 2",-0.145,,"PDF page 8, Table 2",0.072,,"PDF page 8, Table 2",,,Not reported in extracted estimate.,,,Not reported in extracted estimate.,,,Not reported in extracted estimate.,,,Not reported in extracted estimate.,,,Not reported in extracted estimate.,IV ratio using sample without fertility restriction; controls for number of children before reform,,"PDF page 8, Table 2",One year of mothers retirement delay induced by reform,,"PDF page 8, Table 2",fertility measured in 2021,,"PDF page 8, Table 2",Sample without fertility restriction,,"PDF page 8, Table 2","PDF page 8, Table 2",,PDF locator recorded during extraction.,Table 2 row 2 reports IV = -0.145 (SE 0.072); text says estimate is roughly halved when women with children before reform are included.,,Extraction note from the cited PDF location.,no,,Codex extraction flag based on ambiguity or PI-needed judgment.
akyol_atalay_2025_australia_grandmothers_pension_e01,akyol_atalay_2025_australia_grandmothers_pension,akyol-atalay-2025-intergenerational-impact-pension-reforms-grandmothers-fertility-economics-letters.pdf,C,,Protocol mechanism-cell coding; checked against extracted estimate context.,Maternal grandmother age-pension eligibility on daughter being a mother,,"PDF page 3, Table 3 Panel A",yes,,"PDF page 3, Table 3 Panel A",Being Mother,,"PDF page 3, Table 3 Panel A",birth_probability,,"PDF page 3, Table 3 Panel A",percentage_points,,"PDF page 3, Table 3 Panel A",4.6,,"PDF page 3, Table 3 Panel A",0.8,,"PDF page 3, Table 3 Panel A",,,Not reported in extracted estimate.,,,Not reported in extracted estimate.,,,Not reported in extracted estimate.,,,Not reported in extracted estimate.,,,Not reported in extracted estimate.,"Individual fixed-effects model with daughter age dummies, quadratic partner and grandmother age controls, schooling, health, state and wave controls",,"PDF page 3, Table 3 Panel A",Mother is eligible to Age Pension,,"PDF page 3, Table 3 Panel A",HILDA wave outcome,,"PDF page 3, Table 3 Panel A",Partnered women aged 23-45 whose mothers are alive and aged 50-80,,"PDF page 3, Table 3 Panel A","PDF page 3, Table 3 Panel A",,PDF locator recorded during extraction.,Table 3 Panel A reports Mother is Eligible to Age Pension = 0.046 (SE 0.008) for Being Mother.,,Extraction note from the cited PDF location.,no,,Codex extraction flag based on ambiguity or PI-needed judgment.
akyol_atalay_2025_australia_grandmothers_pension_e02,akyol_atalay_2025_australia_grandmothers_pension,akyol-atalay-2025-intergenerational-impact-pension-reforms-grandmothers-fertility-economics-letters.pdf,C,,Protocol mechanism-cell coding; checked against extracted estimate context.,Maternal grandmother age-pension eligibility on number of children,,"PDF page 3, Table 3 Panel A",no,,"PDF page 3, Table 3 Panel A",Number of Children,,"PDF page 3, Table 3 Panel A",completed_fertility,,"PDF page 3, Table 3 Panel A",births_per_woman,,"PDF page 3, Table 3 Panel A",0.067,,"PDF page 3, Table 3 Panel A",0.023,,"PDF page 3, Table 3 Panel A",,,Not reported in extracted estimate.,,,Not reported in extracted estimate.,,,Not reported in extracted estimate.,,,Not reported in extracted estimate.,,,Not reported in extracted estimate.,"Individual fixed-effects model with daughter age dummies, quadratic partner and grandmother age controls, schooling, health, state and wave controls",,"PDF page 3, Table 3 Panel A",Mother is eligible to Age Pension,,"PDF page 3, Table 3 Panel A",HILDA wave outcome,,"PDF page 3, Table 3 Panel A",Partnered women aged 23-45 whose mothers are alive and aged 50-80,,"PDF page 3, Table 3 Panel A","PDF page 3, Table 3 Panel A",,PDF locator recorded during extraction.,Table 3 Panel A reports Mother is Eligible to Age Pension = 0.067 (SE 0.023) for Number of Children.,,Extraction note from the cited PDF location.,no,,Codex extraction flag based on ambiguity or PI-needed judgment.
